customer_id,national_id,first_name,last_name,middle_name,birthdate,email,phone_e164,address_line1,address_line2,city,province,postal_code,country,created_at,kyc_level,hexagon_tier,segment,status,total_relationship_balance,average_daily_balance,tenure_months,marketing_opt_in
3fb29f69-ce1c-5ca8-b1ed-d54f0892f193,598189440114,Sofia,Garcia,,1979-09-04,sofia.garcia1@mail.com,+639276804025,918 Taft Ave,Unit 106,Makati,Iloilo,1652,PH,2022-10-30T00:00:00Z,Basic,Priority,Mass Affluent,Dormant,2113649.38,311245.38,34,True
b495f2a9-a7cc-52af-b2a3-2b8105154bc2,827352678392,Miguel,Ramos,,1963-04-28,miguel.ramos2@bankmail.ph,+639086875935,385 Bonifacio High St,,Iloilo City,Davao del Sur,5702,PH,2018-02-12T00:00:00Z,Basic,Lite,Mass,Active,2267598.1,775379.43,92,False
98133db8-7e0d-50db-b8b6-8eaf37da2738,117387208383,Andrea,Aquino,B.,1973-10-18,andrea.aquino3@inbox.ph,+639760652429,180 EDSA,Unit 10,Bacolod,Cebu,6872,PH,2021-05-12T00:00:00Z,Simplified,Lite,Mass,Active,4381961.76,701715.34,52,True
6aeff89a-ead0-503d-81fd-c98730da1c52,940451975718,Sofia,Castillo,C.,1996-03-01,sofia.castillo4@mail.com,+639225258329,961 Bonifacio High St,,Bacolod,Negros Occidental,0016,PH,2020-04-01T00:00:00Z,Basic,Lite,Affluent,Active,2646042.61,1031632.3,66,True
3e7a4723-c122-5903-b58a-d0db0b7ff9dc,203813088381,Emily,Dela Cruz,,2003-03-05,emily.delacruz5@inbox.ph,+639732107797,764 Shaw Blvd,Unit 195,Bacolod,Metro Manila,8266,PH,2020-12-12T00:00:00Z,Simplified,Priority,Mass,Active,4592548.98,1192366.27,57,False
0293fb5c-c55c-50c8-a738-fb8a89ac2e78,622257621195,Glenn,Dela Cruz,,1987-07-26,glenn.delacruz6@inbox.ph,+639225078951,556 Taft Ave,,Davao City,Iloilo,1569,PH,2019-06-23T00:00:00Z,Full,Priority,SME,Active,4975751.63,1380558.71,75,False
13092c4d-16b7-5cd1-9271-8e15d271e8e3,172206341461,Kayle,Perez,,1965-11-09,kayle.perez7@mail.com,+639235220629,437 Roxas Blvd,Unit 153,Manila,Metro Manila,5245,PH,2020-04-21T00:00:00Z,Simplified,Priority,Affluent,Active,4037677.49,470968.71,65,False
dcb9dffb-a296-563a-959c-9191325f71bb,638765974189,Ana,Villanueva,B.,1992-12-31,ana.villanueva8@bankmail.ph,+639476904382,467 Shaw Blvd,,Pasig,Iloilo,4422,PH,2015-07-27T00:00:00Z,Full,Lite,SME,Active,3261072.33,780067.34,123,False
6cdd58c9-d4eb-5e65-aefd-fe5dcf4e944b,491823193834,Juan,Reyes,,1969-12-02,juan.reyes9@bankmail.ph,+639424039274,116 Taft Ave,Unit 44,Cebu City,Iloilo,6412,PH,2015-07-25T00:00:00Z,Basic,Privilege,Mass,Active,2921303.79,660207.74,123,False
6f12c1e1-3936-5a7d-b88b-5d531fbeb09a,761187367544,Emily,Perez,A.,1960-02-07,emily.perez10@example.com,+639800849550,562 Katipunan Ave,,BGC,Negros Occidental,6532,PH,2022-03-28T00:00:00Z,Simplified,Lite,Mass Affluent,Active,1500685.4,241103.15,41,False
4c6bf10d-faa4-5450-8328-6b16a23b081f,026495361677,Ethan,Reyes,,1996-02-12,ethan.reyes11@example.com,+639022988318,118 Ortigas Ave,,Mandaluyong,Iloilo,9856,PH,2017-12-19T00:00:00Z,Basic,Priority,Mass Affluent,Dormant,578027.92,50555.82,93,False
69e4353a-96cb-5505-bd79-8c9f414126f8,581901873460,Quiel,Mendoza,B.,1980-04-11,quiel.mendoza12@mail.com,+639726249804,909 Ortigas Ave,,Mandaluyong,Metro Manila,0762,PH,2015-11-05T00:00:00Z,Simplified,Privilege,Affluent,Active,4725309.64,1379114.07,119,True
00feeb12-dec1-56f7-b6f6-a4b144871b2d,764264282769,Luis,Rivera,,1988-02-15,luis.rivera13@mail.com,+639403990366,736 Taft Ave,,Manila,Iloilo,8461,PH,2024-11-19T00:00:00Z,Full,Priority,SME,Dormant,2062059.76,232551.33,9,True
def487ea-dda3-5e5b-afbf-011b3260da91,658809905912,Ciara,Villanueva,,1978-12-08,ciara.villanueva14@mail.com,+639718828437,443 Ortigas Ave,Unit 82,Pasig,Cebu,0138,PH,2024-06-17T00:00:00Z,Full,Lite,Microfinance,Active,2681542.45,1015588.61,14,False
27f7b71e-9fbc-55bf-a04c-61e806347a06,442115834281,Ana,Flores,,1978-10-25,ana.flores15@example.com,+639147365352,664 Ayala Ave,Unit 125,Cebu City,Metro Manila,5869,PH,2018-09-14T00:00:00Z,Simplified,Lite,Affluent,Dormant,3116153.89,879333.81,84,False
1085f831-0a49-5385-8481-d9ad40ffa72b,911888696448,Ana,Torres,D.,1982-09-30,ana.torres16@bankmail.ph,+639365163715,232 Katipunan Ave,Unit 2,Cebu City,Iloilo,8327,PH,2020-09-24T00:00:00Z,Simplified,Lite,Mass Affluent,Active,2366457.74,864735.11,60,False
1eec2a76-141b-51ba-b994-97f0ec2752bf,825453957146,Isabella,Cruz,,1980-06-17,isabella.cruz17@inbox.ph,+639092381096,749 Bonifacio High St,,BGC,Negros Occidental,4616,PH,2023-06-03T00:00:00Z,Full,Lite,Mass Affluent,Active,4302342.39,1548468.19,27,False
2fdeabcd-7a16-5ab6-9366-54290d4dc86f,408047906730,Ethan,Villanueva,A.,1970-10-12,ethan.villanueva18@bankmail.ph,+639028486959,798 Ayala Ave,Unit 132,Davao City,Iloilo,8849,PH,2023-06-07T00:00:00Z,Full,Lite,Mass Affluent,Active,1236951.45,337912.26,27,False
7961366d-189e-567f-bcec-47c0e5c99169,533921653726,Ethan,Perez,C.,1976-06-18,ethan.perez19@inbox.ph,+639472380131,587 Ayala Ave,,Pasig,Metro Manila,4340,PH,2015-03-22T00:00:00Z,Full,Lite,Affluent,Dormant,4283803.43,1362070.01,127,False
83755952-9a97-504c-b04d-26d57a9cf6a8,862058212801,Marlon,Castillo,,1986-07-23,marlon.castillo20@inbox.ph,+639789475622,606 Katipunan Ave,,Cebu City,Negros Occidental,0364,PH,2015-04-21T00:00:00Z,Basic,Privilege,Mass,Active,4534737.38,1166164.27,126,False
3b399a9b-89b3-5ff4-a22f-668dd02f1810,827478301914,Liam,Dela Cruz,,1993-06-14,liam.delacruz21@mail.com,+639812343829,789 Roxas Blvd,Unit 113,Cebu City,Davao del Sur,8470,PH,2015-06-14T00:00:00Z,Basic,Lite,Microfinance,Closed,3771411.79,1442052.5,124,True
3383c542-575f-5983-9ba1-b4100a6d056a,273671133775,Miguel,Dela Cruz,D.,1968-09-02,miguel.delacruz22@mail.com,+639165267167,723 Roxas Blvd,Unit 38,BGC,Cebu,9103,PH,2015-11-08T00:00:00Z,Simplified,Prestige,Mass Affluent,Active,2960897.21,1008777.89,119,False
233b8c57-a598-50f2-b603-c8fc7737c5aa,094696096949,Kylie,Garcia,B.,1965-11-10,kylie.garcia23@example.com,+639343538819,344 Shaw Blvd,Unit 26,Davao City,Cebu,4792,PH,2023-03-14T00:00:00Z,Simplified,Privilege,Affluent,Active,2962780.62,482360.25,30,False
91f31f96-daef-54e6-84e1-55f9681d4ffc,637775136156,Kylie,Reyes,B.,1995-06-11,kylie.reyes24@mail.com,+639756343432,13 Roxas Blvd,Unit 27,Mandaluyong,Iloilo,7209,PH,2022-09-29T00:00:00Z,Simplified,Privilege,Mass,Active,2380989.46,712260.72,35,False
c8fd6feb-625a-5330-b202-6fa89b72fd55,372060582519,Kayle,Dela Cruz,,1981-05-25,kayle.delacruz25@mail.com,+639426353953,620 Katipunan Ave,Unit 196,Davao City,Davao del Sur,3273,PH,2023-04-14T00:00:00Z,Full,Prestige,Affluent,Active,2421508.74,735181.56,29,True
411d2974-38f1-50f2-9a35-941751ed7de3,862496924973,Ethan,Perez,,1980-05-22,ethan.perez26@example.com,+639823371002,76 Shaw Blvd,,Quezon City,Negros Occidental,1024,PH,2016-04-12T00:00:00Z,Simplified,Prestige,Mass,Dormant,4110756.11,782061.5,114,False
a6ec820b-8418-5423-9967-cdd65232f5da,392810923615,Jose,Soriano,,1968-08-11,jose.soriano27@mail.com,+639890254567,629 EDSA,,Cebu City,Negros Occidental,9254,PH,2023-07-22T00:00:00Z,Full,Lite,Mass Affluent,Active,1039731.74,128779.94,25,False
3835f48e-56ca-5651-8f4a-621cc3b180a0,105248169627,Liam,Reyes,A.,1976-07-08,liam.reyes28@mail.com,+639514640228,589 Ayala Ave,,BGC,Cebu,9766,PH,2017-12-24T00:00:00Z,Simplified,Lite,SME,Active,4133329.17,309972.59,93,False
e27a9014-f936-5663-8b19-665d2c04d6d3,447802367159,Andrea,Torres,D.,1980-11-22,andrea.torres29@bankmail.ph,+639166954004,311 Roxas Blvd,Unit 166,Manila,Iloilo,2098,PH,2018-01-08T00:00:00Z,Full,Prestige,Mass Affluent,Active,2881658.68,913739.82,93,True
776de3ad-6c94-5c7f-b0be-e3aef3518e9e,383872259623,Andrea,Castillo,,1994-09-03,andrea.castillo30@inbox.ph,+639156403368,706 Taft Ave,Unit 162,Manila,Negros Occidental,6298,PH,2023-08-31T00:00:00Z,Simplified,Privilege,Mass Affluent,Active,2021471.11,465158.07,24,False
de05e6ec-2660-5ab2-8edb-253311f9b1eb,711754053584,Juan,Rivera,C.,1992-01-28,juan.rivera31@example.com,+639137672594,38 Taft Ave,Unit 185,Davao City,Metro Manila,0677,PH,2024-06-08T00:00:00Z,Simplified,Lite,Mass,Active,4564736.46,965472.63,15,True
8974ea9a-aa61-5484-9263-7b2c5d5e5512,426598572074,Ana,Mendoza,,1981-03-08,ana.mendoza32@inbox.ph,+639444411571,929 Ortigas Ave,Unit 180,BGC,Davao del Sur,7837,PH,2021-07-03T00:00:00Z,Full,Lite,Mass,Dormant,4994512.76,1105655.87,50,True
8da2e5ee-3da4-58ad-8873-a9c2c77c26df,069806808156,Luis,Domingo,,1998-06-14,luis.domingo33@inbox.ph,+639373989238,208 Roxas Blvd,Unit 189,Cebu City,Metro Manila,3493,PH,2015-06-01T00:00:00Z,Full,Priority,Microfinance,Active,632105.1,245176.98,124,False
07ee78e9-a50a-593c-b88b-e61a10e671c2,395187753114,Ciara,Garcia,C.,1963-12-12,ciara.garcia34@bankmail.ph,+639018907263,567 Katipunan Ave,Unit 149,BGC,Davao del Sur,8833,PH,2015-10-08T00:00:00Z,Full,Priority,Affluent,Active,1174616.45,340098.27,120,True
cff5be66-ea99-55f1-bfdb-52f17f77bfa7,176318009752,Pam,Gonzales,,1993-12-07,pam.gonzales35@example.com,+639771120303,812 Jupiter St,,Cebu City,Cebu,2461,PH,2020-07-31T00:00:00Z,Simplified,Privilege,Mass,Active,4564232.25,456839.49,62,True
62c440be-bccb-52b0-8867-de9f89c0a484,124216576083,Kayle,Flores,C.,1977-11-27,kayle.flores36@example.com,+639842509929,572 Commonwealth Ave,Unit 136,Mandaluyong,Negros Occidental,8134,PH,2018-04-24T00:00:00Z,Simplified,Privilege,Mass,Closed,110676.05,37686.65,89,True
207ffcba-0000-5042-805a-00b3df496547,689546201189,Marlon,Flores,,1959-05-27,marlon.flores37@bankmail.ph,+639897282127,164 Ayala Ave,Unit 94,Quezon City,Metro Manila,9634,PH,2023-05-20T00:00:00Z,Basic,Privilege,Mass Affluent,Active,2078099.96,249950.08,27,False
f516eb86-4642-5e05-ab74-dce1721a2384,226841051050,Isabella,Rivera,B.,2002-08-16,isabella.rivera38@inbox.ph,+639828487319,456 Ortigas Ave,,Quezon City,Cebu,8799,PH,2021-01-06T00:00:00Z,Full,Lite,Affluent,Active,618820.1,110771.88,56,False
ec77c89e-c94a-51b0-8fd1-3cee6c8244a9,163730783244,Noah,Flores,D.,1989-03-08,noah.flores39@inbox.ph,+639120859208,149 Commonwealth Ave,,Mandaluyong,Negros Occidental,1009,PH,2019-02-28T00:00:00Z,Simplified,Lite,Mass,Active,3352760.61,1039687.86,79,False
ae323528-b07f-5dd0-af74-7eefbb8509cd,134132305214,Quiel,Villanueva,D.,1968-11-11,quiel.villanueva40@bankmail.ph,+639686926242,779 Taft Ave,Unit 76,Manila,Metro Manila,9396,PH,2024-03-29T00:00:00Z,Full,Lite,Mass,Dormant,2274132.13,641234.9,17,True
d13debf7-0b90-53b5-b29c-8f361f308cd6,766198084958,Sofia,Valdez,,1959-07-16,sofia.valdez41@inbox.ph,+639215072283,748 Roxas Blvd,,Quezon City,Iloilo,0811,PH,2015-03-02T00:00:00Z,Full,Lite,Mass,Active,1791853.15,584056.39,127,True
3ea5d844-65fb-55ca-a221-101f22298140,242999840975,Marts,Ramos,,1970-08-19,marts.ramos42@inbox.ph,+639075747515,404 Jupiter St,,Iloilo City,Metro Manila,7963,PH,2019-10-13T00:00:00Z,Full,Lite,Mass Affluent,Dormant,3430801.38,760245.34,71,True
f5ae7783-6253-5586-abd2-cecbf7a8e446,425079126043,Kayle,Reyes,,1983-11-24,kayle.reyes43@mail.com,+639026539546,879 Ortigas Ave,,BGC,Metro Manila,8677,PH,2020-02-01T00:00:00Z,Basic,Privilege,Mass,Active,1994252.19,608973.58,68,True
de415c7a-03c2-5c3b-b4a4-1d307c131650,941718670636,Ciara,Villanueva,B.,1977-11-13,ciara.villanueva44@inbox.ph,+639964004731,304 Roxas Blvd,,Makati,Iloilo,9564,PH,2015-07-30T00:00:00Z,Simplified,Priority,SME,Dormant,4842024.73,1259621.41,122,True
bd05fde3-3867-5f1e-aaf9-4a2e91bd84d9,708709681363,Aaron,Garcia,,2000-07-09,aaron.garcia45@mail.com,+639148351224,573 EDSA,,Bacolod,Iloilo,6609,PH,2018-06-19T00:00:00Z,Basic,Lite,Affluent,Active,4607766.07,796490.14,87,True
4a2274ea-cc5b-5bb4-ba82-9cb108a3ec1e,135677877738,Andrea,Mendoza,D.,1990-12-15,andrea.mendoza46@example.com,+639160724337,434 Shaw Blvd,Unit 96,Iloilo City,Iloilo,0016,PH,2019-12-16T00:00:00Z,Full,Lite,Mass Affluent,Active,2071504.51,259868.45,69,False
ed92ef91-2b01-58a0-a029-9001c4ed4a17,458458843669,AJ,Garcia,B.,1993-07-27,aj.garcia47@example.com,+639264603503,193 Jupiter St,Unit 101,Pasig,Cebu,7214,PH,2021-04-07T00:00:00Z,Simplified,Lite,Mass Affluent,Active,4166937.66,1384131.95,53,True
132bd73f-708c-56c9-9ac6-b8bdde38f573,291264856295,Jose,Navarro,,1994-02-19,jose.navarro48@example.com,+639403446249,356 Roxas Blvd,Unit 166,Quezon City,Iloilo,4634,PH,2024-10-05T00:00:00Z,Simplified,Lite,Mass,Active,1552062.53,262034.17,11,True
77e7797c-bff2-594d-a459-4f837ee2caeb,208296436356,Ciara,Cruz,,2000-10-18,ciara.cruz49@example.com,+639517396112,456 Jupiter St,Unit 34,Quezon City,Iloilo,1709,PH,2022-08-21T00:00:00Z,Simplified,Privilege,Mass Affluent,Active,4620847.14,1143992.94,36,False
f19889a0-58da-53ce-ab37-4595e53ef4d5,124970341972,Sofia,Valdez,B.,1983-05-13,sofia.valdez50@mail.com,+639446753040,860 Katipunan Ave,Unit 30,Manila,Davao del Sur,0886,PH,2015-06-18T00:00:00Z,Simplified,Privilege,Mass Affluent,Active,2249218.78,749969.55,124,True
f08f4a17-8fca-5fbd-87f1-2250c368b24c,954327691495,Sofia,Bautista,,1997-09-02,sofia.bautista51@mail.com,+639948890607,26 Roxas Blvd,,Davao City,Iloilo,5132,PH,2022-04-05T00:00:00Z,Simplified,Lite,Mass Affluent,Active,1673912.09,276851.27,41,True
daf6a0df-4ec3-5f62-bf2f-d0814e9e3235,991955628979,Quiel,Navarro,B.,1977-08-10,quiel.navarro52@mail.com,+639351396359,819 Ortigas Ave,,Mandaluyong,Iloilo,3786,PH,2022-03-31T00:00:00Z,Full,Privilege,Affluent,Active,3352609.74,764297.7,41,False
60a1e641-9656-5b4e-8e7e-0637dd828d3b,314061062336,Juan,Aquino,,1971-03-04,juan.aquino53@mail.com,+639371912755,540 Commonwealth Ave,,Bacolod,Metro Manila,6865,PH,2016-11-09T00:00:00Z,Full,Lite,Mass,Active,3606193.81,235456.87,107,False
d831dc53-8693-5cd1-a8cb-70ec1039fdeb,108699346506,Aaron,Gonzales,C.,1980-07-24,aaron.gonzales54@bankmail.ph,+639229791654,734 Roxas Blvd,Unit 96,Mandaluyong,Negros Occidental,5411,PH,2019-03-01T00:00:00Z,Basic,Priority,Mass Affluent,Active,2773149.19,238231.28,79,True
ed5e5fe8-17a6-572c-afba-cf126d117d8e,239807498289,Emily,Perez,,1980-07-28,emily.perez55@example.com,+639729149243,918 Roxas Blvd,Unit 151,Makati,Negros Occidental,0529,PH,2022-04-16T00:00:00Z,Full,Lite,Mass Affluent,Dormant,1677116.49,169585.42,41,True
560fbe86-284b-5d0c-b4bf-e8b07538af00,139539530621,Maria,Torres,C.,1967-06-14,maria.torres56@bankmail.ph,+639400285751,582 Katipunan Ave,Unit 98,Mandaluyong,Cebu,3047,PH,2015-03-09T00:00:00Z,Full,Lite,Mass Affluent,Active,3160142.76,794038.36,127,False
041b202a-b3f7-5f67-9b2d-d715c720cf54,508835400298,Amelia,Mendoza,B.,1993-07-05,amelia.mendoza57@example.com,+639624609055,670 Shaw Blvd,Unit 126,Bacolod,Iloilo,0803,PH,2017-09-14T00:00:00Z,Simplified,Privilege,Mass Affluent,Active,3664972.17,989139.11,97,True
d245688c-2de4-50b7-87da-8d87a69d2674,074953442698,Ethan,Soriano,B.,1966-12-20,ethan.soriano58@example.com,+639336869411,751 Ortigas Ave,Unit 67,Davao City,Metro Manila,2010,PH,2017-11-03T00:00:00Z,Full,Privilege,SME,Active,184067.24,50878.98,95,True
b69bcc96-4971-5de4-bb43-294c8e005090,514630369026,Pam,Aquino,,1984-10-11,pam.aquino59@inbox.ph,+639138783944,199 Katipunan Ave,,Bacolod,Davao del Sur,8706,PH,2022-05-31T00:00:00Z,Simplified,Privilege,Affluent,Active,1478904.11,304758.53,39,True
8e9617ea-1031-52c3-86ad-5f3c389e5a3f,588636605805,Amelia,Villanueva,A.,1994-10-28,amelia.villanueva60@inbox.ph,+639479646706,497 Roxas Blvd,Unit 42,Cebu City,Davao del Sur,5710,PH,2017-08-24T00:00:00Z,Simplified,Privilege,Affluent,Active,3892798.35,693754.92,97,True
42670bb4-2c91-589e-934f-529f465804f5,258756987784,Marlon,Soriano,,1968-10-06,marlon.soriano61@bankmail.ph,+639937553621,120 Katipunan Ave,,Quezon City,Negros Occidental,5917,PH,2020-07-04T00:00:00Z,Full,Lite,Affluent,Active,1001691.53,97669.88,62,False
56e2f4c1-1c93-5f54-8760-fc12db282057,361495913711,Jose,Domingo,A.,1994-12-07,jose.domingo62@example.com,+639899675221,705 Commonwealth Ave,Unit 54,Quezon City,Davao del Sur,5121,PH,2024-01-05T00:00:00Z,Simplified,Lite,Affluent,Active,4915076.78,468996.28,20,True
c8dc0147-8016-54d5-a584-04a91b763db8,947104410654,Daniel,Reyes,,1982-09-30,daniel.reyes63@bankmail.ph,+639975780964,45 EDSA,Unit 3,Bacolod,Davao del Sur,1855,PH,2024-04-28T00:00:00Z,Simplified,Lite,Affluent,Dormant,621681.44,64378.48,16,True
0350a3aa-1b4a-5647-b3a9-64c5a7df5d42,792913089931,Andrea,Cruz,B.,1975-03-25,andrea.cruz64@inbox.ph,+639952019266,747 Ortigas Ave,Unit 146,BGC,Iloilo,6551,PH,2015-06-18T00:00:00Z,Simplified,Priority,Mass Affluent,Dormant,4126356.1,247295.5,124,True
bded3850-eae3-5756-a0f1-7ca0fe9108b2,050212959025,Maria,Soriano,B.,1973-11-29,maria.soriano65@bankmail.ph,+639608563284,376 Ortigas Ave,Unit 173,Davao City,Metro Manila,6144,PH,2024-08-26T00:00:00Z,Full,Lite,Mass,Active,1727507.43,327450.44,12,True
223786f9-61cc-5283-97d0-43ead9aad720,133221911177,Ethan,Aquino,D.,1964-07-11,ethan.aquino66@inbox.ph,+639214109849,42 EDSA,Unit 30,Quezon City,Davao del Sur,9711,PH,2016-01-04T00:00:00Z,Full,Privilege,Microfinance,Active,4726218.79,1072405.33,117,False
077a94af-6443-5c91-85dc-05d0102ed3f8,263945281084,Kylie,Bautista,D.,1986-08-29,kylie.bautista67@example.com,+639048645848,184 Ayala Ave,,Manila,Negros Occidental,3451,PH,2018-02-19T00:00:00Z,Simplified,Lite,Mass Affluent,Active,4126731.28,1106519.25,91,False
a8f53408-b342-55b8-89cb-5ad887365c46,635613697813,Johnna,Garcia,,1963-09-04,johnna.garcia68@bankmail.ph,+639395316400,206 Ortigas Ave,,Manila,Negros Occidental,5181,PH,2024-06-13T00:00:00Z,Simplified,Lite,SME,Active,1496872.48,251071.48,14,False
5a39d1aa-015c-53da-9806-7e02ba03401d,187275276446,Lucas,Perez,D.,1998-12-12,lucas.perez69@inbox.ph,+639403143886,497 Bonifacio High St,Unit 197,Iloilo City,Negros Occidental,2695,PH,2023-02-01T00:00:00Z,Simplified,Lite,Mass,Active,3099059.29,1067342.34,31,False
eb4554e0-4e7b-5f52-8e76-7b97cef05a7c,124610006936,Luis,Gonzales,,1964-11-10,luis.gonzales70@mail.com,+639031647987,637 Ortigas Ave,Unit 20,Makati,Cebu,5594,PH,2021-02-15T00:00:00Z,Simplified,Prestige,Mass Affluent,Active,1772080.66,567413.89,55,False
49a1273c-e590-54d5-bd1e-8d6404500996,726423859049,Noah,Flores,D.,1998-06-09,noah.flores71@mail.com,+639922997764,323 Roxas Blvd,Unit 10,Davao City,Davao del Sur,5972,PH,2018-11-14T00:00:00Z,Full,Privilege,Mass Affluent,Active,4773089.71,1582830.73,82,True
ab73cf90-a919-5e3c-8330-068104fc077f,167814337545,Pam,Santos,B.,1962-02-02,pam.santos72@inbox.ph,+639967282521,482 Jupiter St,,Iloilo City,Cebu,2656,PH,2023-08-24T00:00:00Z,Full,Lite,Mass,Active,688197.7,266732.74,24,True
e6283358-d611-571b-8350-71a35e6cb433,534963930083,Andrea,Villanueva,C.,1997-11-01,andrea.villanueva73@mail.com,+639722076278,28 Taft Ave,Unit 110,Makati,Cebu,4890,PH,2024-10-12T00:00:00Z,Basic,Priority,Affluent,Active,4630272.45,1652359.53,10,False
2960ae23-dba1-5c4f-9620-500bfd14aecb,940223068115,Juan,Torres,,1964-08-17,juan.torres74@inbox.ph,+639295498411,674 Roxas Blvd,,Quezon City,Negros Occidental,6703,PH,2022-03-01T00:00:00Z,Basic,Privilege,Mass,Active,4485316.77,1522524.8,42,False
6eba924c-4846-5abb-b403-0aad36be62f4,265933581635,AJ,Ramos,,1990-12-17,aj.ramos75@example.com,+639113222793,348 Katipunan Ave,,Iloilo City,Metro Manila,2326,PH,2024-12-15T00:00:00Z,Full,Lite,Mass Affluent,Dormant,3518081.62,558820.11,8,False
bd519dd5-85bf-5010-b921-e321cc5da4ca,926908222586,Ana,Torres,B.,1974-10-24,ana.torres76@mail.com,+639944937978,735 Ortigas Ave,Unit 87,Pasig,Cebu,6575,PH,2024-04-17T00:00:00Z,Full,Lite,Mass Affluent,Active,2738698.59,621466.77,16,False
1c913e01-576b-5f95-b09d-3c01a0d9ef42,084276384524,Marts,Rivera,A.,1969-10-05,marts.rivera77@inbox.ph,+639846748401,465 Bonifacio High St,Unit 5,Cebu City,Negros Occidental,5563,PH,2015-10-27T00:00:00Z,Basic,Lite,Mass,Active,227403.72,38791.69,119,True
e1420d7b-6664-5bb8-aa21-ccdcb8f01dca,529749567456,Jose,Rivera,,1961-03-11,jose.rivera78@bankmail.ph,+639047796493,374 Jupiter St,Unit 39,Cebu City,Negros Occidental,0981,PH,2016-06-05T00:00:00Z,Full,Lite,SME,Active,3639562.85,465651.41,112,False
5e68ccbd-70f5-52b7-8312-8a78d24fa3fb,848968221622,Juan,Dela Cruz,,1996-07-15,juan.delacruz79@bankmail.ph,+639582329718,29 Commonwealth Ave,,Cebu City,Iloilo,7802,PH,2015-07-19T00:00:00Z,Simplified,Lite,Mass,Active,1224426.02,80178.91,123,False
aba6a380-7ff0-5de0-affc-8fb770b15dac,454601128618,Kayle,Gonzales,D.,1974-06-29,kayle.gonzales80@example.com,+639192955782,498 Ayala Ave,Unit 22,Quezon City,Iloilo,2309,PH,2020-07-23T00:00:00Z,Full,Priority,SME,Active,235373.6,40141.84,62,False
9da35643-5a96-5e60-93bb-0599656efaf2,689436097117,Sofia,Navarro,D.,1983-08-06,sofia.navarro81@bankmail.ph,+639421522814,535 Ortigas Ave,,Makati,Iloilo,4453,PH,2019-02-28T00:00:00Z,Basic,Lite,Mass,Active,463227.52,140638.03,79,False
73ce61ac-494d-5166-bb08-f04eaeda463a,405738787921,Miguel,Santos,B.,1988-11-02,miguel.santos82@example.com,+639817754839,282 Jupiter St,Unit 151,Makati,Cebu,9919,PH,2017-09-07T00:00:00Z,Full,Lite,Mass Affluent,Active,2760844.38,887417.82,97,True
a924ba6b-fab0-5735-bae9-6719dc3a239b,439346989378,Marlon,Domingo,,1987-03-26,marlon.domingo83@inbox.ph,+639254094893,991 Ortigas Ave,Unit 190,Cebu City,Metro Manila,5212,PH,2018-09-13T00:00:00Z,Simplified,Privilege,SME,Active,1150863.11,287055.56,84,True
aa51696e-a0ae-5177-847c-5aeddccf81cd,672539381883,Kylie,Castillo,D.,1985-04-14,kylie.castillo84@inbox.ph,+639747747315,403 Shaw Blvd,Unit 194,Quezon City,Iloilo,9958,PH,2016-07-17T00:00:00Z,Basic,Priority,Mass,Active,4212881.04,551894.52,111,True
64912492-584c-5a9a-857f-d0400171aa47,281438672074,Amelia,Mendoza,,1974-08-16,amelia.mendoza85@bankmail.ph,+639366644050,949 Taft Ave,,Bacolod,Davao del Sur,5256,PH,2020-11-17T00:00:00Z,Basic,Priority,Mass Affluent,Dormant,745338.53,87335.95,58,True
61d28810-4aa5-57e9-8cfa-0d0a07cf1c5f,865368740066,AJ,Flores,B.,1978-12-25,aj.flores86@bankmail.ph,+639094262809,140 Ayala Ave,Unit 161,Makati,Metro Manila,4346,PH,2018-09-18T00:00:00Z,Full,Lite,Affluent,Active,2829717.28,991210.66,84,False
90ca985a-27b2-5875-a6be-d824a0802bc1,301598786734,Ana,Perez,,1975-08-12,ana.perez87@mail.com,+639965296256,267 Katipunan Ave,,Quezon City,Davao del Sur,0218,PH,2021-05-10T00:00:00Z,Simplified,Priority,Affluent,Active,4173418.15,777110.54,52,False
d0261f13-dac8-5225-81eb-53e7abc1c0f5,714189829966,Daniel,Rivera,B.,1989-06-08,daniel.rivera88@mail.com,+639760730206,998 Jupiter St,Unit 180,Iloilo City,Iloilo,3702,PH,2019-11-04T00:00:00Z,Simplified,Privilege,Microfinance,Dormant,929503.49,237075.71,71,True
6a534c83-714c-525e-a1fe-ae5c4e5b87ee,066191505798,Marlon,Reyes,D.,1981-07-01,marlon.reyes89@mail.com,+639701767310,230 Commonwealth Ave,Unit 69,Mandaluyong,Negros Occidental,3211,PH,2018-12-20T00:00:00Z,Simplified,Privilege,Mass Affluent,Active,2771544.81,717618.34,81,False
b871a198-1b48-5afd-aecc-7ab309586865,734228711709,Isabella,Ramos,C.,1956-02-09,isabella.ramos90@inbox.ph,+639477592561,462 Commonwealth Ave,Unit 176,Mandaluyong,Davao del Sur,2112,PH,2023-01-31T00:00:00Z,Simplified,Priority,Mass,Dormant,3125543.41,805865.86,31,False
9d3c3e85-c09c-540a-ac54-bd587741d16b,048932345050,Miguel,Domingo,,1967-02-26,miguel.domingo91@inbox.ph,+639038384486,483 Taft Ave,,Iloilo City,Cebu,3664,PH,2022-02-05T00:00:00Z,Simplified,Lite,Mass,Active,2455545.56,617711.51,43,True
5c32dcde-7185-57ff-8fed-e407299147ff,053961801143,Kylie,Ramos,C.,1980-02-23,kylie.ramos92@bankmail.ph,+639391917079,92 Taft Ave,,Pasig,Negros Occidental,7808,PH,2017-10-31T00:00:00Z,Basic,Privilege,Affluent,Active,3293656.18,989192.78,95,False
8b190a5b-eff7-57ab-9c25-999f1694d414,110188792867,Isabella,Navarro,,1995-04-16,isabella.navarro93@bankmail.ph,+639559840978,321 Roxas Blvd,,Iloilo City,Metro Manila,1261,PH,2023-06-10T00:00:00Z,Full,Privilege,Mass Affluent,Active,1658651.91,545167.16,27,False
c65cb887-1511-5807-9e0f-4f889d5789e9,749596410141,Ana,Dela Cruz,,1978-03-19,ana.delacruz94@mail.com,+639555543755,119 Jupiter St,Unit 92,Manila,Metro Manila,4290,PH,2023-10-18T00:00:00Z,Simplified,Privilege,Affluent,Active,1035129.76,226718.36,22,False
e022071b-04d4-5e29-a68b-e2b22e537774,417132287856,Glenn,Garcia,C.,1995-08-04,glenn.garcia95@inbox.ph,+639007031897,995 Ayala Ave,,Bacolod,Cebu,5344,PH,2019-06-09T00:00:00Z,Basic,Privilege,Affluent,Active,146932.18,38927.83,75,True
fe78cee3-0069-5653-a821-c46caadbf117,407680663598,Miguel,Domingo,,1993-07-15,miguel.domingo96@bankmail.ph,+639022775753,84 Jupiter St,,Pasig,Negros Occidental,1649,PH,2018-12-12T00:00:00Z,Simplified,Lite,Mass,Active,4227743.5,1124905.04,81,False
4e24eb78-3583-546b-b188-7e20f57d3a22,495096937795,Lucas,Torres,D.,1962-08-09,lucas.torres97@mail.com,+639321313554,50 Shaw Blvd,Unit 15,Davao City,Iloilo,6695,PH,2015-08-08T00:00:00Z,Simplified,Lite,Mass Affluent,Active,4327745.63,1658152.73,122,True
ab790139-23dc-5b6c-9d57-595886159731,560227302346,Glenn,Mendoza,A.,1989-06-12,glenn.mendoza98@bankmail.ph,+639447415720,158 EDSA,Unit 111,Pasig,Iloilo,2757,PH,2021-02-02T00:00:00Z,Simplified,Privilege,Mass Affluent,Active,4116590.76,734406.46,55,False
cd3a9ad9-87aa-5d59-951a-cebf0bdb8091,963031432604,Lucas,Santos,C.,2004-01-06,lucas.santos99@mail.com,+639918729438,191 Roxas Blvd,,Davao City,Metro Manila,7285,PH,2016-07-24T00:00:00Z,Full,Privilege,Mass Affluent,Active,3924461.7,1313656.46,110,True
79b33d7c-6390-52eb-8f85-892901b2fa61,034261465249,Isabella,Santos,D.,1986-06-22,isabella.santos100@inbox.ph,+639519259598,153 Katipunan Ave,,Quezon City,Negros Occidental,9981,PH,2023-07-16T00:00:00Z,Full,Lite,SME,Dormant,4217934.73,790631.88,26,False
7b90d6be-5daa-5028-9218-e82237850638,852000140652,Luis,Soriano,B.,1992-02-29,luis.soriano101@bankmail.ph,+639468052939,84 Bonifacio High St,Unit 190,Manila,Iloilo,0777,PH,2020-12-29T00:00:00Z,Simplified,Privilege,Mass Affluent,Active,1989181.63,773483.34,56,False
c0ee2fc9-d98d-5226-be00-45a5f8c5c817,113082546629,Lucas,Bautista,C.,1979-02-03,lucas.bautista102@inbox.ph,+639835543600,192 Commonwealth Ave,Unit 192,Davao City,Metro Manila,1840,PH,2022-04-16T00:00:00Z,Full,Lite,Microfinance,Active,1510025.66,537641.89,41,False
61fab144-e138-56ec-9ccf-1df7b761cd21,815011468964,Daniel,Flores,,1987-05-03,daniel.flores103@inbox.ph,+639066067740,998 Ortigas Ave,Unit 173,BGC,Metro Manila,2055,PH,2024-08-24T00:00:00Z,Simplified,Lite,Mass Affluent,Active,2112147.35,203318.06,12,False
f40fd34d-eb3d-5cd4-a199-b8141bd3842e,801186104128,Jose,Gonzales,C.,1963-01-06,jose.gonzales104@example.com,+639132388660,552 Commonwealth Ave,Unit 198,Iloilo City,Metro Manila,6132,PH,2017-06-08T00:00:00Z,Full,Priority,Affluent,Active,434353.48,36990.75,100,False
45de793b-326f-5ed5-892d-1cbfe2594926,141974404228,Ethan,Garcia,D.,1989-06-14,ethan.garcia105@inbox.ph,+639931205667,342 Ayala Ave,Unit 183,Makati,Davao del Sur,2613,PH,2019-04-30T00:00:00Z,Full,Priority,Mass Affluent,Active,564605.57,126953.76,77,False
a1e2d2b4-34e1-571f-83de-79bd5cb4ec3d,987552445668,Johnna,Reyes,D.,1956-01-31,johnna.reyes106@inbox.ph,+639918536797,732 Ayala Ave,,Makati,Iloilo,0200,PH,2019-08-29T00:00:00Z,Full,Privilege,Affluent,Active,2118452.6,404194.6,73,False
813e662b-d61a-5cba-ba0c-ec2b76824c7a,552681664417,Sofia,Rivera,D.,1968-09-12,sofia.rivera107@inbox.ph,+639009913576,449 Commonwealth Ave,,BGC,Davao del Sur,6780,PH,2018-06-20T00:00:00Z,Simplified,Lite,Mass,Active,3330731.81,933665.17,87,False
d584a701-12bb-5db8-be37-7e120572d132,987487349634,Andrea,Garcia,,1967-04-24,andrea.garcia108@example.com,+639195771172,166 Ortigas Ave,Unit 177,BGC,Metro Manila,3452,PH,2015-08-16T00:00:00Z,Simplified,Privilege,Microfinance,Active,2498550.42,620665.27,122,True
06b04651-6dce-5b83-bd8b-ee15dc52b902,611614932008,Aaron,Cruz,B.,1964-03-25,aaron.cruz109@example.com,+639250824319,163 Katipunan Ave,,Makati,Iloilo,8762,PH,2021-05-30T00:00:00Z,Simplified,Priority,Mass,Dormant,1864668.03,420882.29,51,True
79a5a153-39b0-52df-92cf-f2d58528596b,831254977758,Daniel,Santos,A.,1975-01-09,daniel.santos110@example.com,+639904283502,895 Bonifacio High St,,Iloilo City,Davao del Sur,7239,PH,2023-12-05T00:00:00Z,Full,Priority,Microfinance,Active,1226389.25,64057.08,21,True
e7a72895-7521-502e-a70f-4577bd93ee30,794481167980,Levy,Dela Cruz,,2003-08-02,levy.delacruz111@inbox.ph,+639660373732,646 EDSA,,Pasig,Negros Occidental,4097,PH,2022-11-10T00:00:00Z,Full,Priority,Mass,Active,4477994.12,942440.03,34,False
52b5841e-52f4-541f-b169-c843f0420d8d,124570631844,Noah,Reyes,D.,1963-07-29,noah.reyes112@mail.com,+639635061289,252 Jupiter St,Unit 130,Cebu City,Davao del Sur,3202,PH,2020-03-23T00:00:00Z,Basic,Privilege,Affluent,Active,1570852.41,144923.48,66,True
01c38c9a-3fc9-5361-8140-e526ab24e165,037361742844,Aaron,Bautista,C.,1982-08-29,aaron.bautista113@bankmail.ph,+639211686083,873 Bonifacio High St,,BGC,Cebu,9302,PH,2021-03-27T00:00:00Z,Full,Lite,Affluent,Dormant,3740644.16,514145.63,54,False
79366346-a220-5365-be36-15a780d79858,947750347430,Kayle,Garcia,A.,1965-11-23,kayle.garcia114@example.com,+639072146905,155 Ortigas Ave,Unit 162,BGC,Metro Manila,9168,PH,2020-03-03T00:00:00Z,Full,Priority,Mass,Active,254137.87,94906.8,67,False
2be088c7-1ece-56b4-9bf4-5a9086d94fd4,487873389614,Levy,Navarro,C.,1957-08-24,levy.navarro115@bankmail.ph,+639612128062,909 Bonifacio High St,,Mandaluyong,Negros Occidental,4502,PH,2022-01-27T00:00:00Z,Full,Lite,Mass,Active,4970442.3,1194297.08,43,False
7ce3edc9-3162-563b-8b89-5d49aeb9498a,687413037719,Juan,Navarro,B.,1998-01-13,juan.navarro116@bankmail.ph,+639353205082,96 Bonifacio High St,,Davao City,Iloilo,3521,PH,2023-04-07T00:00:00Z,Simplified,Lite,Mass,Active,280487.37,111840.75,29,False
96b9612d-d6f5-5876-be71-bbe2bc4ccf7a,710752779103,Kylie,Soriano,C.,1986-10-31,kylie.soriano117@mail.com,+639158690795,363 EDSA,Unit 167,Iloilo City,Cebu,8895,PH,2015-03-23T00:00:00Z,Basic,Lite,Mass,Active,2632716.12,132265.61,127,True
d350d6fc-891d-51f5-8411-fd7a974f77b2,450327579682,Johnna,Bautista,A.,1985-07-27,johnna.bautista118@mail.com,+639983059788,683 Ortigas Ave,,BGC,Davao del Sur,7653,PH,2022-03-03T00:00:00Z,Full,Prestige,Mass,Active,4803349.84,1331551.47,42,False
6251cabc-db0a-5af7-b4b2-14a838d5a263,523583078008,Andrea,Rivera,D.,1987-01-05,andrea.rivera119@mail.com,+639683721075,457 EDSA,Unit 135,Iloilo City,Metro Manila,1386,PH,2015-11-15T00:00:00Z,Simplified,Lite,Mass Affluent,Active,1190741.63,468953.2,119,False
1bd4acc7-b109-55a0-9bcd-40205acc7730,553244494981,Andrea,Reyes,,1995-01-26,andrea.reyes120@example.com,+639220210379,729 Jupiter St,Unit 181,Cebu City,Negros Occidental,8338,PH,2020-01-23T00:00:00Z,Full,Privilege,Affluent,Active,369473.24,127843.97,68,True
579b4e27-6b10-5133-93c1-240c36dfae21,640159181325,Pam,Dela Cruz,,1978-06-05,pam.delacruz121@example.com,+639013758056,313 Taft Ave,Unit 125,Davao City,Metro Manila,4664,PH,2021-03-19T00:00:00Z,Full,Lite,Mass,Active,3610468.48,1102965.27,54,True
02974ced-c8a5-5653-b724-9fc2fe694e77,715088284138,Bryce,Torres,B.,1976-04-23,bryce.torres122@example.com,+639058134266,587 Shaw Blvd,,Pasig,Metro Manila,0120,PH,2022-05-31T00:00:00Z,Simplified,Lite,Affluent,Active,1325756.98,364123.44,39,False
f01ad29e-e71f-548c-b54b-56cd0d72a768,747675444837,Marlon,Cruz,B.,1989-03-22,marlon.cruz123@inbox.ph,+639104285160,420 Roxas Blvd,Unit 102,Manila,Iloilo,4720,PH,2020-04-28T00:00:00Z,Full,Privilege,Mass Affluent,Active,2863998.74,379407.39,65,False
c021c382-e04a-5c6c-82fc-9a779e2e8577,598768757751,Pam,Reyes,C.,1958-02-11,pam.reyes124@mail.com,+639171998149,198 Ortigas Ave,,Cebu City,Cebu,9682,PH,2019-06-16T00:00:00Z,Basic,Priority,SME,Active,2760718.9,965750.44,75,True
012059ac-8494-51d1-b5d3-85920f77219c,957506592288,AJ,Domingo,,2001-11-18,aj.domingo125@bankmail.ph,+639115591177,87 Bonifacio High St,,Bacolod,Davao del Sur,8265,PH,2022-08-20T00:00:00Z,Simplified,Lite,Mass Affluent,Active,3468612.6,220513.18,37,False
d2f1032d-4062-542f-b15c-5140a4697ff9,549310530952,Daniel,Ramos,,1959-06-04,daniel.ramos126@bankmail.ph,+639980832460,787 EDSA,Unit 105,Pasig,Cebu,3773,PH,2024-03-28T00:00:00Z,Basic,Privilege,Affluent,Active,2036444.63,447124.05,17,True
ea494638-f0ed-5543-a75c-62eb513bceb1,091720182980,AJ,Aquino,,2001-03-24,aj.aquino127@mail.com,+639074755182,612 Ortigas Ave,Unit 131,Makati,Cebu,0031,PH,2022-08-22T00:00:00Z,Simplified,Privilege,Mass Affluent,Dormant,153785.4,27737.25,36,False
50fc7e96-3b12-501b-861e-61002400f43c,923500690551,Johnna,Domingo,A.,1997-07-30,johnna.domingo128@inbox.ph,+639382800087,668 Katipunan Ave,Unit 105,Pasig,Cebu,6624,PH,2016-06-25T00:00:00Z,Full,Priority,Mass,Active,3237210.4,842968.56,111,False
b3cb782e-2f72-5c2a-8111-fef07580b123,062939754940,Juan,Gonzales,B.,1982-05-28,juan.gonzales129@inbox.ph,+639433246831,850 Ortigas Ave,Unit 43,Bacolod,Davao del Sur,5526,PH,2018-02-08T00:00:00Z,Simplified,Lite,Mass Affluent,Active,1306473.39,390482.45,92,True
c4646daf-3ebe-5466-a38d-00459702f49f,092269828215,Daniel,Torres,,1968-06-13,daniel.torres130@mail.com,+639888666769,92 Roxas Blvd,,Mandaluyong,Negros Occidental,4759,PH,2022-02-27T00:00:00Z,Full,Lite,Affluent,Active,3924700.38,1441480.74,42,True
18682cd2-4bcc-5d56-9843-e68cfa4ec11c,798258896972,Liam,Aquino,D.,1981-12-06,liam.aquino131@mail.com,+639881012871,330 Taft Ave,Unit 154,Manila,Metro Manila,2284,PH,2016-04-27T00:00:00Z,Simplified,Lite,SME,Active,2353212.3,831243.25,113,False
bfcbf4af-3d89-5cb0-b548-3c2712b8f93e,066049648775,Marts,Soriano,D.,1961-05-22,marts.soriano132@bankmail.ph,+639858320812,665 EDSA,,Cebu City,Iloilo,8918,PH,2018-07-07T00:00:00Z,Simplified,Lite,Mass,Closed,3172860.35,163877.37,87,False
46b61244-2ba7-57cd-b3be-c33bcd4b2394,638831760494,Bryce,Bautista,A.,1969-03-19,bryce.bautista133@bankmail.ph,+639771444405,21 Shaw Blvd,,Manila,Metro Manila,8750,PH,2018-07-02T00:00:00Z,Basic,Privilege,Mass,Dormant,645525.07,118933.26,87,False
18e4c7d2-b92f-5ca8-b778-aa4bf0255a45,186829904760,Marts,Torres,A.,1960-11-09,marts.torres134@example.com,+639227538939,654 Roxas Blvd,Unit 72,Manila,Cebu,1980,PH,2020-08-28T00:00:00Z,Basic,Prestige,Mass,Active,845754.72,150803.99,61,False
c78f03ed-8d7b-5120-9973-c6e05ed0e68a,117661571988,Sofia,Santos,C.,1977-12-12,sofia.santos135@example.com,+639501801412,281 Commonwealth Ave,,Quezon City,Cebu,6636,PH,2024-04-25T00:00:00Z,Full,Lite,Mass Affluent,Active,4493211.0,1029190.99,16,True
efa3f594-f57d-5e00-8f0f-3780aa97579c,965254969094,Johnna,Garcia,B.,1965-03-24,johnna.garcia136@example.com,+639467893415,281 EDSA,,Pasig,Negros Occidental,3069,PH,2020-09-26T00:00:00Z,Basic,Privilege,Affluent,Active,376166.02,114072.98,60,False
4f56e39b-a3d2-58eb-9fa3-5759c232d703,450709533388,Daniel,Flores,A.,1995-12-23,daniel.flores137@inbox.ph,+639208883641,232 Roxas Blvd,,Makati,Metro Manila,8613,PH,2024-02-21T00:00:00Z,Full,Privilege,Mass Affluent,Active,1714270.89,154012.15,18,True
8fabe362-957d-58ca-b9a5-6aea090ca4d5,130604079824,Marlon,Domingo,B.,1989-08-09,marlon.domingo138@bankmail.ph,+639767160914,853 Ayala Ave,,Iloilo City,Negros Occidental,8613,PH,2016-06-19T00:00:00Z,Full,Lite,Mass Affluent,Dormant,2415915.2,533537.89,112,True
128f3499-537d-5e62-a055-bbe5d38cb5fc,976765000380,Daniel,Villanueva,,1959-02-15,daniel.villanueva139@example.com,+639237675596,942 Jupiter St,Unit 157,Manila,Iloilo,5706,PH,2024-05-29T00:00:00Z,Full,Lite,Mass,Active,4132362.66,1496831.26,15,False
40b6499b-2c69-55f3-be52-7a247ce1059a,065230725603,Johnna,Santos,,1969-01-29,johnna.santos140@bankmail.ph,+639880429026,902 Ortigas Ave,,Cebu City,Cebu,0450,PH,2015-03-14T00:00:00Z,Full,Lite,Mass Affluent,Active,514113.96,99901.85,127,False
fb22bef1-a8d6-564c-967d-fdd3f750737f,660551075891,Quiel,Rivera,,1963-02-26,quiel.rivera141@inbox.ph,+639856438883,364 Roxas Blvd,Unit 159,Iloilo City,Iloilo,4671,PH,2023-12-21T00:00:00Z,Simplified,Lite,Affluent,Dormant,1460625.84,339880.01,20,False
1a53e6f8-176d-5f7e-acc3-e04388fbdc65,110155635514,Amelia,Garcia,,1969-09-23,amelia.garcia142@bankmail.ph,+639177161934,299 Taft Ave,,Pasig,Davao del Sur,1498,PH,2020-08-27T00:00:00Z,Simplified,Priority,Mass Affluent,Active,674045.44,151383.88,61,True
a7a367f0-7aa7-56f7-b095-8a173bbe7a55,058841297366,AJ,Santos,D.,1993-10-30,aj.santos143@bankmail.ph,+639979618166,615 Taft Ave,,Manila,Iloilo,8466,PH,2024-01-10T00:00:00Z,Simplified,Lite,Mass,Active,667725.78,129846.57,20,False
a9cc7eaf-c0fb-592e-854d-84761dabf5b7,641470202262,Amelia,Perez,B.,2004-02-23,amelia.perez144@inbox.ph,+639796262369,976 Taft Ave,,Quezon City,Iloilo,5677,PH,2022-07-24T00:00:00Z,Full,Privilege,Mass Affluent,Active,3739595.75,1288239.34,37,False
0dd2421a-e33f-5a0c-9257-2941fe97215e,219300121570,Pam,Villanueva,,2001-11-23,pam.villanueva145@example.com,+639016171228,203 Shaw Blvd,Unit 68,Mandaluyong,Cebu,7081,PH,2021-04-17T00:00:00Z,Full,Privilege,SME,Active,1945044.42,445070.52,53,True
629a498a-a0d5-54a1-b7ae-7ee333448649,351089063719,Isabella,Torres,,1989-03-26,isabella.torres146@bankmail.ph,+639476907288,246 Taft Ave,,Davao City,Cebu,9767,PH,2018-04-19T00:00:00Z,Full,Privilege,Mass Affluent,Closed,2244625.8,884850.94,89,True
5695eb13-a3bf-5fea-a7e0-26007ac04efd,999880197133,Jose,Cruz,A.,2001-02-05,jose.cruz147@example.com,+639345152371,652 Commonwealth Ave,,Quezon City,Davao del Sur,5768,PH,2022-12-08T00:00:00Z,Simplified,Priority,Mass,Active,1589977.17,201905.96,33,True
aa5df739-e897-58c2-a0a0-86164ebbb24c,821262155477,Andrea,Perez,,2000-04-26,andrea.perez148@mail.com,+639450223327,630 EDSA,Unit 100,Bacolod,Negros Occidental,9890,PH,2021-12-19T00:00:00Z,Full,Lite,Mass Affluent,Active,1219891.99,78020.68,45,False
7b28f26f-f81e-52a3-8ae5-3987e6b922b2,443367424950,Daniel,Ramos,C.,1965-03-04,daniel.ramos149@bankmail.ph,+639270575542,208 Jupiter St,,Pasig,Davao del Sur,5919,PH,2023-09-04T00:00:00Z,Basic,Lite,Mass Affluent,Active,1066662.48,309216.72,24,False
d7d4f611-11d1-53d5-85d1-e80241f787d7,243182072520,Lucas,Garcia,A.,2003-03-31,lucas.garcia150@bankmail.ph,+639697143007,345 Roxas Blvd,Unit 111,Bacolod,Metro Manila,5223,PH,2020-12-30T00:00:00Z,Basic,Lite,Mass Affluent,Active,30488.74,9210.65,56,False
e360036b-84a3-52f3-adf4-3c08972e56f3,342042092550,Jose,Soriano,,1961-07-06,jose.soriano151@inbox.ph,+639917307436,234 EDSA,Unit 93,Davao City,Cebu,5137,PH,2023-12-01T00:00:00Z,Basic,Prestige,Mass Affluent,Active,4335827.72,1200066.98,21,True
15ddfec0-05d7-5422-950a-3f119f70689e,536277816187,Juan,Rivera,D.,1967-09-07,juan.rivera152@example.com,+639053502772,268 Ayala Ave,,Bacolod,Cebu,1281,PH,2021-02-26T00:00:00Z,Full,Priority,Mass,Dormant,2306864.75,559143.91,55,False
3fb5f679-8b66-5aae-86fa-97e7fbcb896f,874456457132,Pam,Reyes,B.,1963-10-23,pam.reyes153@mail.com,+639743161693,486 Commonwealth Ave,,Davao City,Davao del Sur,6355,PH,2017-10-05T00:00:00Z,Simplified,Lite,Mass Affluent,Active,3928514.9,1175685.45,96,False
f96d5149-6dad-5d5f-8303-df7e2dd9f460,747317624535,Sofia,Villanueva,,1987-04-02,sofia.villanueva154@mail.com,+639634474160,966 Ayala Ave,Unit 169,Mandaluyong,Cebu,8176,PH,2024-02-11T00:00:00Z,Full,Priority,Affluent,Active,2909870.56,558104.63,19,False
060647ba-154a-5cdf-b989-3ff0a783bc14,346475307919,Marts,Bautista,,2004-06-26,marts.bautista155@inbox.ph,+639594732772,645 Ortigas Ave,,Davao City,Iloilo,5356,PH,2020-10-06T00:00:00Z,Full,Priority,Affluent,Active,702713.09,74296.34,59,False
511353e9-0423-59a9-9163-94fd25b8829c,923511548015,Marts,Soriano,,1998-05-18,marts.soriano156@inbox.ph,+639072226573,706 Ortigas Ave,Unit 48,Davao City,Metro Manila,0619,PH,2021-05-24T00:00:00Z,Full,Lite,Mass Affluent,Active,870075.23,242565.11,52,True
68ea707e-35f0-53ef-93b4-1dca4f8188e2,092260051841,Aaron,Soriano,,2001-05-09,aaron.soriano157@inbox.ph,+639395384465,550 Roxas Blvd,Unit 18,Quezon City,Negros Occidental,1062,PH,2017-08-01T00:00:00Z,Full,Lite,Mass,Active,2073653.81,343352.84,98,False
3e1d5864-5563-5970-a6e3-2ef6d0b5361b,981247469556,Ana,Castillo,C.,1997-12-22,ana.castillo158@mail.com,+639564215158,8 Katipunan Ave,Unit 103,Quezon City,Metro Manila,1954,PH,2024-03-18T00:00:00Z,Full,Privilege,Microfinance,Active,1417989.68,113456.16,17,True
9058f617-280f-5d86-a8f8-a37404c6a985,598457284772,Kayle,Valdez,C.,1998-03-19,kayle.valdez159@mail.com,+639241576516,830 Katipunan Ave,Unit 46,Davao City,Iloilo,5231,PH,2016-09-04T00:00:00Z,Simplified,Priority,Mass,Active,3027949.58,339426.38,109,False
d9998937-72ae-57f2-b3b1-48e6bfef9541,491539282629,Daniel,Valdez,D.,1958-07-03,daniel.valdez160@example.com,+639069509644,740 Commonwealth Ave,,Makati,Iloilo,4947,PH,2021-06-17T00:00:00Z,Full,Priority,Mass Affluent,Dormant,489486.82,47411.25,51,False
b49b39e9-8029-5d42-9f87-87d7e17e6b4d,959017342540,Glenn,Gonzales,,1980-05-31,glenn.gonzales161@bankmail.ph,+639207055328,768 Jupiter St,Unit 191,Cebu City,Davao del Sur,1452,PH,2019-06-16T00:00:00Z,Full,Privilege,Mass Affluent,Closed,3775104.53,734748.05,75,False
7f0a634c-c58b-53e6-976f-50967ed121a1,830193740529,Isabella,Rivera,,1971-01-13,isabella.rivera162@inbox.ph,+639549573181,841 Shaw Blvd,,Pasig,Negros Occidental,7915,PH,2015-08-02T00:00:00Z,Full,Priority,Affluent,Active,804529.31,311835.23,122,True
1937d6d6-96dd-554f-b2d8-02ecb9365ea8,861171602417,Juan,Reyes,A.,1997-04-25,juan.reyes163@bankmail.ph,+639023679462,546 Commonwealth Ave,Unit 13,Iloilo City,Metro Manila,9864,PH,2015-05-18T00:00:00Z,Full,Privilege,Mass,Active,3920013.27,896474.69,125,True
49ed6437-a938-5804-9735-0f8baf66c68a,330077932049,Amelia,Gonzales,D.,1970-03-16,amelia.gonzales164@example.com,+639369023642,197 EDSA,Unit 25,Makati,Metro Manila,9575,PH,2017-03-07T00:00:00Z,Full,Lite,Mass Affluent,Active,2274340.28,435274.08,103,True
a110a527-033f-59ad-8c33-210dcab7a657,705836693421,Juan,Flores,A.,1991-07-11,juan.flores165@example.com,+639553152572,16 Roxas Blvd,,Davao City,Negros Occidental,5779,PH,2016-04-21T00:00:00Z,Simplified,Privilege,Mass Affluent,Active,1289841.0,237247.72,114,True
23a6dfb3-6f5d-54ef-81f2-1210f19601cf,340863023591,Isabella,Gonzales,A.,1983-04-29,isabella.gonzales166@bankmail.ph,+639950820680,945 Ortigas Ave,Unit 25,Quezon City,Negros Occidental,3251,PH,2017-08-19T00:00:00Z,Basic,Priority,Affluent,Active,3677409.9,1307171.66,97,False
32c106bf-16f3-5d93-b08a-8eedb8c428f4,966963683843,Miguel,Gonzales,A.,1977-05-27,miguel.gonzales167@inbox.ph,+639119666750,600 Jupiter St,Unit 164,Davao City,Davao del Sur,6498,PH,2018-02-21T00:00:00Z,Full,Privilege,SME,Dormant,1989999.61,621992.86,91,True
fcd929cf-1c35-5736-8ff9-62f82660dd23,570071242014,Luis,Santos,D.,1992-12-18,luis.santos168@bankmail.ph,+639903874153,385 Commonwealth Ave,,Makati,Metro Manila,6313,PH,2021-11-16T00:00:00Z,Simplified,Lite,SME,Active,1716139.2,196274.47,46,True
1169dc61-8a46-5833-b749-9b947203cea7,959732675962,Levy,Bautista,,1988-05-26,levy.bautista169@inbox.ph,+639821152022,868 Taft Ave,Unit 53,Cebu City,Negros Occidental,1874,PH,2022-01-27T00:00:00Z,Basic,Lite,Mass,Dormant,2585517.87,781333.46,43,True
59c1ab39-6817-5731-80a3-4fc5523734ee,962676334080,Isabella,Castillo,,1977-07-07,isabella.castillo170@example.com,+639360846433,650 Katipunan Ave,,Bacolod,Iloilo,9201,PH,2022-04-12T00:00:00Z,Basic,Prestige,SME,Active,2692652.83,1057621.78,41,True
1fbe1301-4fe3-55b0-86cd-0bc64d392b09,058920737212,Pam,Aquino,B.,2000-10-17,pam.aquino171@bankmail.ph,+639740649869,460 Commonwealth Ave,Unit 124,Cebu City,Iloilo,5801,PH,2022-03-25T00:00:00Z,Simplified,Lite,Mass,Active,1977881.17,713406.18,41,True
def82a51-12f4-502a-8f81-f9b5643b56b5,933446419474,Ethan,Aquino,,2001-09-26,ethan.aquino172@bankmail.ph,+639410769701,929 Shaw Blvd,,BGC,Metro Manila,0850,PH,2016-09-28T00:00:00Z,Basic,Priority,Mass Affluent,Active,422472.02,158873.29,108,True
ca16c1fb-401c-5c51-a357-33af0dcd6752,513325437190,Marlon,Torres,A.,1977-03-12,marlon.torres173@inbox.ph,+639415103984,748 Taft Ave,Unit 107,Bacolod,Davao del Sur,5195,PH,2019-11-17T00:00:00Z,Full,Privilege,Mass Affluent,Dormant,2617775.56,716838.27,70,False
1105aaea-cddd-5fee-8cf1-c679e58366d5,934654093514,Pam,Aquino,C.,2003-06-01,pam.aquino174@mail.com,+639843230883,936 Taft Ave,,Davao City,Iloilo,0994,PH,2015-01-30T00:00:00Z,Simplified,Lite,Mass,Active,2741512.77,318015.05,128,False
dba4917d-6290-5713-af66-d6a7eca950cb,630342493706,Daniel,Rivera,,1990-06-01,daniel.rivera175@mail.com,+639173324279,620 Jupiter St,,Mandaluyong,Davao del Sur,6521,PH,2020-01-29T00:00:00Z,Basic,Lite,Mass,Active,1361398.52,364805.55,68,True
1ea9f8c6-d1e7-5636-b88b-bb2da85194d1,269807693595,Miguel,Ramos,,1968-08-25,miguel.ramos176@example.com,+639909214000,434 Katipunan Ave,,Pasig,Davao del Sur,4743,PH,2016-08-21T00:00:00Z,Basic,Lite,Mass Affluent,Active,281135.68,90379.08,110,False
17436ddb-46bf-5cae-b5a4-6a4c20ead35c,655857798157,Jose,Rivera,C.,1971-04-17,jose.rivera177@mail.com,+639823097392,276 Commonwealth Ave,,Makati,Cebu,4759,PH,2022-01-21T00:00:00Z,Simplified,Privilege,Mass Affluent,Active,3641457.15,1131231.78,44,False
2bebf643-6037-5fc0-ade4-62216fcf3f2a,601407442411,Quiel,Perez,,1977-09-22,quiel.perez178@bankmail.ph,+639618821631,499 Katipunan Ave,,Mandaluyong,Iloilo,1700,PH,2016-01-02T00:00:00Z,Simplified,Privilege,Affluent,Active,1244362.56,279946.39,117,True
5117e0da-53f3-5079-8014-b6f9968ca4e2,481017294668,Liam,Valdez,,1960-05-21,liam.valdez179@example.com,+639315143563,301 EDSA,Unit 71,Davao City,Cebu,0372,PH,2020-06-30T00:00:00Z,Simplified,Privilege,Mass,Active,949689.41,109517.57,63,True
3a2c4406-6065-5042-8924-5ad39b5f1f43,354610705905,Aaron,Ramos,,1979-09-13,aaron.ramos180@mail.com,+639012230631,618 Bonifacio High St,,Makati,Iloilo,8727,PH,2020-07-30T00:00:00Z,Simplified,Privilege,Mass Affluent,Active,3828904.74,397999.45,62,False
85593f63-1c99-5188-884e-456c46cdfaca,943438989630,Pam,Ramos,C.,1983-11-22,pam.ramos181@example.com,+639060910110,339 EDSA,Unit 179,Cebu City,Negros Occidental,5723,PH,2020-07-05T00:00:00Z,Full,Lite,Mass Affluent,Active,4642090.19,1584007.41,62,False
3c8351fd-8d5f-5079-be39-51e04578564b,781682683664,Kayle,Santos,B.,1992-04-25,kayle.santos182@inbox.ph,+639706578025,193 Ayala Ave,,BGC,Cebu,5152,PH,2016-03-08T00:00:00Z,Full,Lite,Mass Affluent,Active,3831650.82,964799.26,115,False
f923c35e-df7e-5e4b-91ed-1ba1c7c1ee97,030834646049,Liam,Domingo,C.,1964-05-04,liam.domingo183@mail.com,+639755655995,675 EDSA,,Manila,Davao del Sur,4683,PH,2023-05-08T00:00:00Z,Simplified,Privilege,Mass,Active,1271191.55,491414.84,28,False
b8d1d8ff-7413-5db5-b089-1682fac39548,678877040899,Kayle,Navarro,,1958-02-09,kayle.navarro184@inbox.ph,+639559332808,918 Jupiter St,,Mandaluyong,Iloilo,5550,PH,2017-10-20T00:00:00Z,Simplified,Lite,Mass Affluent,Dormant,1165737.75,389211.84,95,False
74c990b6-1c39-5442-a858-04381e0b9502,622760471997,Jose,Soriano,C.,1974-07-04,jose.soriano185@example.com,+639771865953,264 Jupiter St,,Iloilo City,Negros Occidental,0073,PH,2017-07-17T00:00:00Z,Full,Lite,Affluent,Dormant,3738645.61,1298496.52,99,True
523d9a61-7a1a-5900-a852-a0a6f095cc56,696473259039,Juan,Navarro,,1982-05-06,juan.navarro186@example.com,+639353616997,743 Roxas Blvd,,Iloilo City,Iloilo,0471,PH,2017-12-11T00:00:00Z,Full,Privilege,Mass,Active,426309.86,96191.74,94,False
2ace1cbd-d6e7-522e-aeb4-904f3aaaa61a,821007971389,Ethan,Mendoza,A.,1998-02-22,ethan.mendoza187@mail.com,+639461672073,2 Shaw Blvd,Unit 138,Iloilo City,Metro Manila,1431,PH,2018-12-03T00:00:00Z,Full,Privilege,Mass,Active,3081488.75,1221981.97,82,True
8b3c3328-76e6-58d0-b6e2-8941131b8819,893367562354,Kayle,Valdez,,1994-07-08,kayle.valdez188@example.com,+639926170726,966 Shaw Blvd,,Quezon City,Davao del Sur,0614,PH,2020-11-13T00:00:00Z,Simplified,Lite,Mass,Active,3752025.39,908290.38,58,False
24e8d711-521e-5317-874b-d91a59ac21ec,612788035628,Johnna,Mendoza,,1988-10-14,johnna.mendoza189@example.com,+639202624906,647 Commonwealth Ave,Unit 181,Manila,Metro Manila,0862,PH,2024-09-20T00:00:00Z,Basic,Prestige,Mass Affluent,Active,2985934.94,241285.14,11,False
b07eb6cb-659a-5eb7-9512-5ed6e49bc2ef,081789279787,Miguel,Perez,C.,1956-12-05,miguel.perez190@example.com,+639253313362,835 Katipunan Ave,,Bacolod,Davao del Sur,8688,PH,2016-09-13T00:00:00Z,Simplified,Lite,Affluent,Active,1709588.98,320541.62,109,False
5ea4aa87-dd3b-5122-b051-08ec387c3f39,369735261831,Luis,Reyes,C.,2001-09-18,luis.reyes191@mail.com,+639454364165,595 Ayala Ave,,Pasig,Cebu,3751,PH,2016-10-09T00:00:00Z,Basic,Prestige,Microfinance,Dormant,1588163.56,389209.82,108,False
f0ed0e90-cc31-5d70-8d64-08c1623a6c8e,411621277075,Noah,Garcia,A.,1983-06-30,noah.garcia192@mail.com,+639778444989,880 Katipunan Ave,Unit 110,Mandaluyong,Cebu,7117,PH,2017-08-09T00:00:00Z,Simplified,Lite,Mass Affluent,Active,1155330.98,68314.23,98,True
e979137d-cb5e-5c47-8912-35f5948fa70f,909109659640,Jose,Castillo,A.,2000-01-25,jose.castillo193@bankmail.ph,+639738411070,501 Shaw Blvd,,Mandaluyong,Negros Occidental,2622,PH,2022-09-18T00:00:00Z,Simplified,Prestige,Mass,Active,1625153.24,341510.88,36,True
d8c51e64-18d2-5e92-b7fb-535bde62a983,636767862631,Kylie,Villanueva,,1958-10-02,kylie.villanueva194@bankmail.ph,+639739556701,501 Bonifacio High St,Unit 151,Davao City,Metro Manila,8259,PH,2017-02-16T00:00:00Z,Full,Lite,Mass,Closed,1456605.63,275755.78,104,False
0f8f5764-ae61-5a4b-9857-9632f2535130,277146450097,Pam,Torres,,1969-12-08,pam.torres195@bankmail.ph,+639296946051,833 Ayala Ave,Unit 138,Iloilo City,Iloilo,1441,PH,2017-10-21T00:00:00Z,Basic,Privilege,Mass Affluent,Active,1621049.83,449033.64,95,False
975f631c-63e9-57ef-8bd4-d83d90ff500f,085867261860,Amelia,Cruz,,1963-03-08,amelia.cruz196@example.com,+639760779615,322 EDSA,Unit 148,Makati,Cebu,9561,PH,2018-06-21T00:00:00Z,Full,Lite,SME,Active,3651078.57,1410550.9,87,True
e991fa92-7fed-5b75-bc0d-43b194858464,602701291962,Pam,Cruz,,1966-10-21,pam.cruz197@mail.com,+639070448642,969 Bonifacio High St,,Davao City,Negros Occidental,4062,PH,2015-07-20T00:00:00Z,Simplified,Privilege,Mass Affluent,Dormant,925015.1,64078.0,123,False
3d200a59-b42f-5de2-8172-5d60ca3e8475,645659352082,Aaron,Santos,,1957-11-28,aaron.santos198@inbox.ph,+639301912665,307 Commonwealth Ave,,Bacolod,Cebu,9730,PH,2023-07-04T00:00:00Z,Full,Lite,Affluent,Dormant,2137191.87,518621.41,26,True
39631a4a-e147-50ec-8e11-84c993a42b18,527452614969,Pam,Castillo,,1965-12-12,pam.castillo199@inbox.ph,+639342205950,209 EDSA,,Iloilo City,Davao del Sur,4825,PH,2023-03-06T00:00:00Z,Full,Priority,Mass Affluent,Active,3159656.18,702633.47,30,False
d9fc614c-2262-559d-887a-d6bfda401082,961368641940,Andrea,Valdez,A.,1981-01-22,andrea.valdez200@mail.com,+639006187943,80 Shaw Blvd,Unit 29,Bacolod,Cebu,0227,PH,2022-09-10T00:00:00Z,Simplified,Privilege,Mass,Active,1667081.17,314440.29,36,False
